{
    "/web/bspg/media/efel_data/users_results/efel_hbp_20161105093743524232/crr_result": {
        "step_-1.0": {}, 
        "step_-0.8": {}, 
        "step_-0.6": {}, 
        "step_-0.4": {}, 
        "step_-0.2": {}, 
        "step_0.2": {}, 
        "step_0.4": {
            "soma": {
                "time_to_first_spike": [
                    14.200000000000372, 
                    0.0
                ], 
                "time_to_last_spike": [
                    178.64999999999236, 
                    0.0
                ]
            }
        }, 
        "step_0.6": {}, 
        "step_0.8": {
            "soma": {
                "time_to_first_spike": [
                    4.9000000000002402, 
                    0.0
                ], 
                "time_to_last_spike": [
                    381.40000000002533, 
                    0.0
                ]
            }
        }, 
        "step_1.0": {}
    }
}